train_step,accumulation,average_variance,min_grad,max_grad,mean_grad,std_grad,batch_size
0,0,0.05360350385308266,-16.0,15.4609375,0.000013982795280753635,0.20153184235095978,87.5 sec
5000,0,0.008167855441570282,-1.4345703125,1.78515625,4.316356807976263e-6,0.015226680785417557,87.5 sec
10000,0,0.0037925296928733587,-1.2958984375,1.169921875,7.794082534928748e-8,0.008927065879106522,87.5 sec
15000,0,0.1323348879814148,-45.564945220947266,36.89348602294922,-0.0016971697332337499,0.42100033164024353,87.5 sec
20000,0,0.1541908234357834,-59.8371467590332,46.72665786743164,0.0017695274436846375,0.49900707602500916,87.5 sec
25000,0,0.16279137134552002,-47.72415542602539,46.42245101928711,-0.00009178257460007444,0.451265424489975,87.5 sec
30000,0,0.18341511487960815,-54.730995178222656,55.62813186645508,0.0016317196423187852,0.5040766000747681,87.5 sec
35000,0,0.18680565059185028,-48.093875885009766,47.640262603759766,0.0007231569616124034,0.49135497212409973,87.5 sec
40000,0,0.20460331439971924,-53.85995101928711,58.07524871826172,0.0008444729610346258,0.5409643054008484,87.5 sec
45000,0,0.21571460366249084,-54.170928955078125,51.66971206665039,0.0006412553484551609,0.5682913064956665,87.5 sec
50000,0,0.22426767647266388,-58.76735305786133,52.68051528930664,0.0005433602491393685,0.5895856618881226,87.5 sec
55000,0,0.22389322519302368,-54.60874557495117,53.54209518432617,0.0007272858638316393,0.5927303433418274,87.5 sec
60000,0,0.2179240882396698,-56.542152404785156,61.597373962402344,0.0003136041632387787,0.5602878928184509,87.5 sec
65000,0,0.22221022844314575,-56.02072525024414,60.604034423828125,0.00023584636801388115,0.576815664768219,87.5 sec
70000,0,0.2176297903060913,-45.525047302246094,49.46943664550781,0.0006196337635628879,0.543674886226654,87.5 sec
75000,0,0.18532928824424744,-48.62061309814453,51.27936935424805,-0.00039489808841608465,0.4447988271713257,87.5 sec
80000,0,0.20116804540157318,-44.90439987182617,41.80518341064453,-0.0002129355416400358,0.473613977432251,87.5 sec
85000,0,0.22761984169483185,-59.06098175048828,61.00360107421875,0.000697875046171248,0.5391660332679749,87.5 sec
90000,0,0.2348165214061737,-53.92245864868164,49.41837692260742,0.0002329926355741918,0.5516018867492676,87.5 sec
95000,0,0.2394954115152359,-52.37281036376953,50.527713775634766,0.00006852550723124295,0.562231183052063,87.5 sec
100000,0,0.25246113538742065,-57.54249954223633,56.56888961791992,0.0005091988132335246,0.5950771570205688,87.5 sec
105000,0,0.25098851323127747,-58.05439376831055,58.27362060546875,0.00047374199493788183,0.5899851322174072,87.5 sec
110000,0,0.24998444318771362,-58.729698181152344,53.191932678222656,0.0004183068813290447,0.5851679444313049,87.5 sec
115000,0,0.24601086974143982,-52.38518142700195,60.61787414550781,0.00033620852627791464,0.559566080570221,87.5 sec
120000,0,0.243627667427063,-53.627986907958984,96.4203872680664,0.0007045919774100184,0.5533798933029175,87.5 sec
125000,0,0.2251112163066864,-82.0609130859375,53.962100982666016,0.0005480057443492115,0.49561312794685364,87.5 sec
130000,0,0.22370320558547974,-82.4483871459961,94.21851348876953,0.00017696812574286014,0.48959556221961975,87.5 sec
135000,0,0.2247718870639801,-101.25932312011719,50.1224479675293,-0.00014250597450882196,0.49410271644592285,87.5 sec
140000,0,0.23354418575763702,-133.87564086914062,43.16625213623047,0.00012829358456656337,0.5155685544013977,87.5 sec
145000,0,0.2505764067173004,-93.11968994140625,50.12214660644531,-7.927888873382472e-6,0.5589873194694519,87.5 sec
150000,0,0.2595473825931549,-132.18780517578125,75.14695739746094,0.00026735427672974765,0.5735188722610474,87.5 sec
155000,0,0.25911781191825867,-117.81271362304688,51.240970611572266,0.0001497367484262213,0.5777075886726379,87.5 sec
160000,0,0.2591884732246399,-192.38619995117188,65.89479064941406,0.00038519350346177816,0.5648091435432434,87.5 sec
165000,0,0.24596351385116577,-120.44338989257812,44.782264709472656,0.00022976537002250552,0.5330390930175781,87.5 sec
170000,0,0.23790287971496582,-198.6089324951172,62.38087844848633,0.0005809994181618094,0.5035650730133057,87.5 sec
175000,0,0.23139800131320953,-162.03424072265625,61.544342041015625,0.0002493835345376283,0.4850868582725525,87.5 sec
180000,0,0.24173451960086823,-118.75439453125,159.5386962890625,0.00021575187565758824,0.5038490295410156,87.5 sec
185000,0,0.23773093521595,-225.02499389648438,64.65247344970703,0.00008327269461005926,0.49254894256591797,87.5 sec
190000,0,0.25170665979385376,-146.82827758789062,105.7400131225586,-0.00008166642510332167,0.5284344553947449,87.5 sec
195000,0,0.2582649290561676,-213.9567413330078,44.681114196777344,-0.00008230891398852691,0.539264440536499,87.5 sec
200000,0,0.2673351466655731,-362.4300231933594,66.12567138671875,-3.1252429835149087e-6,0.5639404654502869,87.5 sec
205000,0,0.26788458228111267,-406.0736389160156,98.47172546386719,0.0003109836543444544,0.5630154013633728,87.5 sec
210000,0,0.26217740774154663,-359.36224365234375,59.247127532958984,-0.00010032539285020903,0.5487432479858398,87.5 sec
215000,0,0.25406479835510254,-217.00186157226562,138.11688232421875,-0.00018881916184909642,0.5221788287162781,87.5 sec
220000,0,0.24590207636356354,-214.45545959472656,112.45004272460938,-0.00029777895542792976,0.5033187866210938,87.5 sec
225000,0,0.2409181147813797,-206.40667724609375,216.4522705078125,-0.00010416933946544304,0.4824339747428894,87.5 sec
230000,0,0.24448928236961365,-207.1834259033203,184.50631713867188,-0.0001291182852583006,0.4883524179458618,87.5 sec
235000,0,0.2556241452693939,-338.95263671875,40.64235305786133,0.000494711275678128,0.5101585984230042,87.5 sec
240000,0,0.255521297454834,-326.58233642578125,186.30108642578125,0.0004605524882208556,0.5073560476303101,87.5 sec
245000,0,0.257489413022995,-326.02490234375,96.89425659179688,0.00015551909746136516,0.5167354941368103,87.5 sec
250000,0,0.26875829696655273,-247.11880493164062,221.75222778320312,0.00033537246054038405,0.5403217077255249,87.5 sec
255000,0,0.27051952481269836,-377.60736083984375,164.26950073242188,0.00050574034685269,0.5454919338226318,87.5 sec
260000,0,0.266748309135437,-315.74346923828125,280.71514892578125,0.0005618631839752197,0.5378287434577942,87.5 sec
265000,0,0.26320314407348633,-448.6592102050781,212.3698272705078,0.0001995630591409281,0.5361438393592834,87.5 sec
270000,0,0.2551368772983551,-274.7716064453125,145.35328674316406,0.00033092411467805505,0.49363455176353455,87.5 sec
275000,0,0.2480672299861908,-307.17840576171875,141.30418395996094,0.00031718992977403104,0.47541502118110657,87.5 sec
280000,0,0.2557719945907593,-408.1955871582031,122.43585968017578,-0.00032873754389584064,0.49700355529785156,87.5 sec
285000,0,0.25894442200660706,-350.2451477050781,99.4451904296875,0.00008635038830107078,0.49561962485313416,87.5 sec
290000,0,0.2596017122268677,-302.783935546875,129.6490020751953,-0.000032277639547828585,0.4971644878387451,87.5 sec
295000,0,0.26566287875175476,-467.813232421875,205.77108764648438,0.00015037176490295678,0.5085409283638,87.5 sec
300000,0,0.2728598713874817,-475.1505126953125,346.7663879394531,-0.00020706526993308216,0.5305454134941101,87.5 sec
305000,0,0.2781200706958771,-375.99188232421875,254.1363525390625,0.00033876500674523413,0.530806839466095,87.5 sec
310000,0,0.2728128731250763,-366.9603576660156,279.7653503417969,0.000421790435211733,0.5231757164001465,87.5 sec
315000,0,0.27065250277519226,-420.8349609375,270.88458251953125,0.00003467735223239288,0.5183172225952148,87.5 sec
320000,0,0.26678982377052307,-411.70428466796875,160.9748077392578,0.00032213921076618135,0.5026472210884094,87.5 sec
325000,0,0.25756505131721497,-480.29315185546875,223.50177001953125,0.0004005525552202016,0.47566312551498413,87.5 sec
330000,0,0.2534530460834503,-698.9443359375,238.8322296142578,0.000892766984179616,0.46819278597831726,87.5 sec
335000,0,0.252726286649704,-515.4956665039062,229.4385528564453,-0.00023197740665636957,0.46564632654190063,87.5 sec
340000,0,0.2603629529476166,-462.11273193359375,163.63970947265625,0.00017296936130151153,0.4741131067276001,87.5 sec
345000,0,0.270285964012146,-385.3597412109375,91.87825012207031,0.00034151546424254775,0.49265897274017334,87.5 sec
350000,0,0.2715166211128235,-353.50262451171875,117.53972625732422,0.00011227495269849896,0.4948856234550476,87.5 sec
355000,0,0.27198556065559387,-417.3471984863281,325.8144836425781,0.00025631018797867,0.4990260899066925,87.5 sec
360000,0,0.2710076868534088,-451.0406799316406,146.21212768554688,0.000461937568616122,0.49880480766296387,87.5 sec
365000,0,0.2625425159931183,-225.73046875,412.0707092285156,0.0002965542662423104,0.4737628102302551,87.5 sec
370000,0,0.26144900918006897,-213.3590087890625,501.1942138671875,0.0003615746973082423,0.4706380069255829,87.5 sec
375000,0,0.2551305890083313,-247.37789916992188,230.99668884277344,0.0005737077444791794,0.4468382000923157,87.5 sec
380000,0,0.25432270765304565,-488.46954345703125,186.17172241210938,-0.00039272604044526815,0.45400938391685486,87.5 sec
385000,0,0.2616160213947296,-385.928955078125,357.6154479980469,0.0007817199802957475,0.4609455466270447,87.5 sec
390000,0,0.2638167142868042,-471.50994873046875,277.1154479980469,0.00028605759143829346,0.4648812413215637,87.5 sec
395000,0,0.27121028304100037,-430.89501953125,214.5062255859375,0.0002863953704945743,0.4759080708026886,87.5 sec
400000,0,0.2771681249141693,-418.72589111328125,399.3692321777344,0.00045924546429887414,0.49368223547935486,87.5 sec
0,1,0.07379470765590668,-31.703125,29.53125,0.000037487730878638104,0.35823625326156616,150 sec
5000,1,0.1808324009180069,-53.611629486083984,44.89656448364258,0.0004147311847191304,0.5300301313400269,150 sec
10000,1,0.14825831353664398,-50.862525939941406,54.31844711303711,0.0007104879477992654,0.384601354598999,150 sec
15000,1,0.14551931619644165,-40.716514587402344,78.82501983642578,0.0010433128336444497,0.3329460322856903,150 sec
20000,1,0.13010887801647186,-124.86182403564453,243.77699279785156,0.0003132783167529851,0.2599181532859802,150 sec
25000,1,0.12453194707632065,-372.1719055175781,152.74220275878906,0.00006428822234738618,0.23481018841266632,150 sec
30000,1,0.1328791379928589,-514.6884765625,102.61799621582031,0.00005404813782661222,0.2405252754688263,150 sec
35000,1,0.15091976523399353,-584.2154541015625,194.67178344726562,-0.00007013743743300438,0.26404857635498047,150 sec
40000,1,0.15236037969589233,-462.38531494140625,252.87274169921875,0.000015977848306647502,0.2570253610610962,150 sec
45000,1,0.16552992165088654,-557.5391235351562,659.3958740234375,0.00007022300997050479,0.2920941114425659,150 sec
50000,1,0.1812485158443451,-437.4466247558594,524.7924194335938,0.00013185666466597468,0.2944371998310089,150 sec
55000,1,0.1818579137325287,-394.31396484375,783.6651611328125,-1.8970944211105234e-6,0.3067358136177063,150 sec
60000,1,0.1774158477783203,-483.4783630371094,404.49627685546875,-0.00008363864617422223,0.29638347029685974,150 sec
65000,1,0.18136420845985413,-344.0425109863281,397.67791748046875,0.00010429856047267094,0.29525062441825867,150 sec
70000,1,0.16730371117591858,-764.70751953125,230.62832641601562,-4.477950824366417e-6,0.2839755713939667,150 sec
75000,1,0.16131974756717682,-455.72271728515625,201.71731567382812,-0.0002963038859888911,0.26502785086631775,150 sec
80000,1,0.1768188625574112,-432.54217529296875,144.18905639648438,-0.000011579548299778253,0.28327757120132446,150 sec
85000,1,0.18195940554141998,-303.72125244140625,250.26963806152344,-0.00001778200748958625,0.28089600801467896,150 sec
90000,1,0.18449905514717102,-499.71002197265625,167.6232147216797,0.0000607127403782215,0.28466498851776123,150 sec
95000,1,0.19177812337875366,-455.5975036621094,213.9908447265625,2.652670900715748e-6,0.2932907044887543,150 sec
100000,1,0.19742053747177124,-313.4043273925781,176.2076873779297,0.00003435383769101463,0.2974868714809418,150 sec
105000,1,0.20103271305561066,-563.8845825195312,259.52001953125,0.000043415024265414104,0.3125355839729309,150 sec
110000,1,0.19350101053714752,-459.78936767578125,338.5828857421875,0.00006904179463163018,0.2954781949520111,150 sec
115000,1,0.205954909324646,-384.1800537109375,342.3988342285156,0.00007901201024651527,0.3194698691368103,150 sec
120000,1,0.19046714901924133,-203.72201538085938,327.62158203125,0.00015472689119633287,0.2884128987789154,150 sec
125000,1,0.1904795914888382,-202.886962890625,314.098388671875,0.00014144172018859535,0.2938432991504669,150 sec
130000,1,0.19274574518203735,-593.517822265625,231.9912109375,0.00011644540791166946,0.2950272262096405,150 sec
135000,1,0.19988517463207245,-188.35765075683594,480.0116882324219,0.00009603346552466974,0.3019002079963684,150 sec
140000,1,0.20552495121955872,-304.60028076171875,323.80010986328125,0.000059432608395582065,0.31323927640914917,150 sec
145000,1,0.2122305929660797,-504.6936950683594,399.55224609375,-0.0001148953742813319,0.32252445816993713,150 sec
150000,1,0.21666187047958374,-320.6303405761719,468.19012451171875,0.000012048089956806507,0.32615524530410767,150 sec
155000,1,0.2218930721282959,-301.6903381347656,456.1292724609375,-0.00004118134165764786,0.3368161916732788,150 sec
160000,1,0.2221674621105194,-351.8389587402344,442.11505126953125,0.0002168289793189615,0.3332253098487854,150 sec
165000,1,0.2084575742483139,-188.35394287109375,425.2027587890625,-0.00007963266398292035,0.3124772310256958,150 sec
170000,1,0.21639910340309143,-410.465087890625,150.70594787597656,-0.00021137821022421122,0.3265230357646942,150 sec
175000,1,0.20998361706733704,-343.38690185546875,169.125,0.0001731128868414089,0.32092976570129395,150 sec
180000,1,0.21156901121139526,-256.63714599609375,186.12725830078125,0.00004972812166670337,0.3179600238800049,150 sec
185000,1,0.21599365770816803,-318.3592224121094,137.82919311523438,-0.000055536929721711203,0.3200506269931793,150 sec
190000,1,0.21993276476860046,-150.67446899414062,264.33746337890625,0.00006430030771298334,0.32469406723976135,150 sec
195000,1,0.22314633429050446,-282.5306701660156,224.3203582763672,-0.00010840048344107345,0.33454492688179016,150 sec
200000,1,0.23138931393623352,-118.41059875488281,184.84823608398438,-2.977900521727861e-6,0.33782148361206055,150 sec
205000,1,0.23726066946983337,-237.50778198242188,246.41299438476562,-0.00010207680315943435,0.34920138120651245,150 sec
210000,1,0.23586054146289825,-324.5294189453125,271.6361083984375,-0.00021247714175842702,0.3638108968734741,150 sec
215000,1,0.22693432867527008,-207.14932250976562,146.94146728515625,0.00010808523802552372,0.3368564248085022,150 sec
220000,1,0.2257993370294571,-311.2750244140625,201.7218017578125,-0.00012197322212159634,0.33522117137908936,150 sec
225000,1,0.21952028572559357,-302.7094421386719,265.3480529785156,0.00011968161561526358,0.33357635140419006,150 sec
230000,1,0.21705982089042664,-231.5242156982422,344.0589294433594,-0.00016724431770853698,0.3238220810890198,150 sec
235000,1,0.22831156849861145,-204.79751586914062,254.54823303222656,-0.00005302095814840868,0.33937758207321167,150 sec
240000,1,0.22271251678466797,-305.04217529296875,401.2610778808594,0.00005649363811244257,0.34139612317085266,150 sec
245000,1,0.235991969704628,-199.41494750976562,207.95724487304688,-0.00010449533147038892,0.34997594356536865,150 sec
250000,1,0.24244047701358795,-329.27789306640625,305.4245300292969,-0.00006251070590224117,0.36192983388900757,150 sec
255000,1,0.24552305042743683,-160.98219299316406,237.6022491455078,-0.00007692795770708472,0.3614014685153961,150 sec
260000,1,0.24258533120155334,-415.9482421875,120.1964111328125,-0.00012440244609024376,0.3678775727748871,150 sec
265000,1,0.24297262728214264,-328.4490051269531,270.548583984375,0.000042084440792677924,0.3616824448108673,150 sec
270000,1,0.2360018938779831,-214.33824157714844,350.47576904296875,-0.00008886047726264223,0.3554293215274811,150 sec
275000,1,0.24298952519893646,-237.25210571289062,177.84317016601562,-0.00006634642340941355,0.363311231136322,150 sec
280000,1,0.234494149684906,-278.40673828125,161.875,-0.00004087857814738527,0.35414761304855347,150 sec
285000,1,0.23539012670516968,-253.7710723876953,272.3907775878906,-0.00018887002079281956,0.36152493953704834,150 sec
290000,1,0.24839814007282257,-263.33721923828125,129.48475646972656,-0.00023779974435456097,0.3742581605911255,150 sec
295000,1,0.2554796636104584,-237.69920349121094,137.560302734375,-0.0001564699487062171,0.3817552328109741,150 sec
300000,1,0.25685185194015503,-255.78057861328125,149.05422973632812,-0.0000862357483129017,0.384724497795105,150 sec
305000,1,0.2573564052581787,-212.24415588378906,119.43898010253906,-0.00012191336281830445,0.38506975769996643,150 sec
310000,1,0.2552148997783661,-359.9749755859375,173.19351196289062,-0.00013538780331145972,0.40015318989753723,150 sec
315000,1,0.25790831446647644,-306.5130615234375,237.5245361328125,-0.000013618711818708107,0.389250785112381,150 sec
320000,1,0.25140872597694397,-276.5447692871094,219.09295654296875,-0.0002722172357607633,0.3809492588043213,150 sec
325000,1,0.24165208637714386,-181.34532165527344,159.05442810058594,0.00011907771840924397,0.36172980070114136,150 sec
330000,1,0.2402467280626297,-145.89242553710938,179.77462768554688,0.00016372963727917522,0.3621388077735901,150 sec
335000,1,0.24850451946258545,-119.27972412109375,266.2880859375,0.000053855990699958056,0.37432000041007996,150 sec
340000,1,0.2520797848701477,-233.83843994140625,192.625,7.358205948548857e-6,0.3835448622703552,150 sec
345000,1,0.2577272057533264,-146.0,162.67660522460938,-0.00005356440306059085,0.38980209827423096,150 sec
350000,1,0.2617186903953552,-211.125,152.19253540039062,-0.00012945504568051547,0.3974551260471344,150 sec
355000,1,0.261997789144516,-176.125,128.07769775390625,-0.00004822977280127816,0.3957170248031616,150 sec
360000,1,0.2670735716819763,-257.68499755859375,366.5795593261719,-0.00003284999547759071,0.4056769907474518,150 sec
365000,1,0.26766759157180786,-318.0390319824219,184.85809326171875,-0.00003123869828414172,0.40407097339630127,150 sec
370000,1,0.2633601129055023,-214.0344696044922,115.63774871826172,0.000021504540200112388,0.3981652855873108,150 sec
375000,1,0.24220332503318787,-123.375,209.1664581298828,0.00009357547241961583,0.3693560063838959,150 sec
380000,1,0.24454925954341888,-184.091064453125,154.08392333984375,0.00013471508282236755,0.37289342284202576,150 sec
385000,1,0.24583593010902405,-94.07891845703125,150.625,-0.0000659804354654625,0.37669703364372253,150 sec
390000,1,0.25483980774879456,-146.125,209.03993225097656,-0.00003999739419668913,0.39061930775642395,150 sec
395000,1,0.2627866864204407,-81.26937866210938,224.487060546875,-0.00004882435314357281,0.4003150761127472,150 sec
400000,1,0.26655685901641846,-216.07090759277344,139.5,-0.00012744759442284703,0.40786877274513245,150 sec
0,2,0.05196483060717583,-30.15625,26.6328125,0.00004129936860408634,0.3482533097267151,5 min
5000,2,0.1394197642803192,-74.625,61.171875,-0.0009946259669959545,0.41137203574180603,5 min
10000,2,0.12144174426794052,-94.35978698730469,46.814754486083984,-0.00007483967783628032,0.29630807042121887,5 min
15000,2,0.10649386048316956,-24.56609344482422,286.9337158203125,0.000654842471703887,0.21505841612815857,5 min
20000,2,0.10669022053480148,-38.51423645019531,737.5462036132812,0.0003900479059666395,0.2649022936820984,5 min
25000,2,0.10746143758296967,-39.40625,581.0547485351562,0.0000997825845843181,0.23286595940589905,5 min
30000,2,0.11075586825609207,-303.8433837890625,129.9386749267578,-0.00004074016396771185,0.18366286158561707,5 min
35000,2,0.119329072535038,-210.80258178710938,237.1492919921875,0.00011114257358713076,0.18533021211624146,5 min
40000,2,0.13439835608005524,-404.1357727050781,309.124755859375,-0.0000663535320200026,0.2153225839138031,5 min
45000,2,0.1410113424062729,-315.8181457519531,266.99835205078125,0.0002240868197986856,0.216610386967659,5 min
50000,2,0.14501464366912842,-370.9608154296875,194.5441436767578,0.00006927474169060588,0.22063662111759186,5 min
55000,2,0.14775621891021729,-402.3841857910156,168.02676391601562,-0.00007372860272880644,0.2305402010679245,5 min
60000,2,0.14610826969146729,-202.73065185546875,329.6441650390625,0.00007736591942375526,0.22444571554660797,5 min
65000,2,0.1503264605998993,-404.85382080078125,218.866455078125,0.00010008440585806966,0.23274239897727966,5 min
70000,2,0.14011695981025696,-233.3109893798828,239.33360290527344,-1.7852020164355054e-6,0.21298721432685852,5 min
75000,2,0.13814637064933777,-106.15894317626953,301.8665466308594,-9.670551435192465e-7,0.20981444418430328,5 min
80000,2,0.13497792184352875,-155.2562713623047,177.6254119873047,2.7487317311170045e-6,0.20388521254062653,5 min
85000,2,0.1447322517633438,-204.8645782470703,112.70478820800781,0.0000598960614297539,0.21600289642810822,5 min
90000,2,0.15149261057376862,-127.38560485839844,114.90359497070312,0.0000589841692999471,0.22153514623641968,5 min
95000,2,0.1612730175256729,-131.529541015625,188.826171875,-0.000026536530640441924,0.23512960970401764,5 min
100000,2,0.16545897722244263,-142.57785034179688,145.76254272460938,0.00005811117443954572,0.2400142252445221,5 min
105000,2,0.16930000483989716,-40.004817962646484,228.86505126953125,0.000262030225712806,0.25042369961738586,5 min
110000,2,0.16089557111263275,-159.74554443359375,132.31068420410156,0.0001452007272746414,0.23549862205982208,5 min
115000,2,0.1674998700618744,-68.21875,285.34918212890625,-0.00010840822505997494,0.25112074613571167,5 min
120000,2,0.1532614529132843,-89.34288787841797,246.11404418945312,0.00008541077113477513,0.2302914559841156,5 min
125000,2,0.15447723865509033,-173.880615234375,91.34375,0.00013236496306490153,0.23082908987998962,5 min
130000,2,0.15585067868232727,-119.1778564453125,134.84698486328125,-6.409566594811622e-6,0.2347293645143509,5 min
135000,2,0.16141466796398163,-142.66725158691406,120.48505401611328,-0.00009173460421152413,0.24285632371902466,5 min
140000,2,0.1683913767337799,-160.278076171875,148.56732177734375,0.00019829974917229265,0.2528071701526642,5 min
145000,2,0.1755847930908203,-95.42571258544922,245.97207641601562,-0.000031860352464718744,0.263430655002594,5 min
150000,2,0.17779411375522614,-103.3936767578125,246.74020385742188,6.99326619724161e-6,0.26503074169158936,5 min
155000,2,0.1785057634115219,-93.64447784423828,227.2652587890625,-0.00005304961450747214,0.2686994969844818,5 min
160000,2,0.17397163808345795,-188.86676025390625,114.65274047851562,0.00006237978959688917,0.2610519230365753,5 min
165000,2,0.1720859557390213,-63.265625,235.1585235595703,0.00017296153237111866,0.26023080945014954,5 min
170000,2,0.1646306961774826,-145.6693878173828,216.43472290039062,0.00014190060028340667,0.2523776888847351,5 min
175000,2,0.16692745685577393,-182.46823120117188,77.10343170166016,-0.00009360770491184667,0.2556382119655609,5 min
180000,2,0.17461122572422028,-201.77224731445312,110.71875,0.00023336453887168318,0.2712307870388031,5 min
185000,2,0.1703563630580902,-156.81845092773438,104.61347198486328,0.00021430442575365305,0.264055997133255,5 min
190000,2,0.17785364389419556,-127.2186508178711,163.16299438476562,0.00036340320366434753,0.2807168662548065,5 min
195000,2,0.18185178935527802,-148.161865234375,120.19795989990234,-2.6887826152233174e-6,0.28261321783065796,5 min
200000,2,0.18730199337005615,-138.8773956298828,183.45310974121094,-0.0000651361042400822,0.29161351919174194,5 min
205000,2,0.18718937039375305,-121.82940673828125,210.27481079101562,0.00009644975943956524,0.2923605144023895,5 min
210000,2,0.1910049021244049,-133.625,126.55333709716797,-0.00005045987563789822,0.300435870885849,5 min
215000,2,0.18883296847343445,-114.52647399902344,147.7615203857422,0.0002724149380810559,0.29579633474349976,5 min
220000,2,0.176550030708313,-79.76536560058594,92.34162902832031,0.000035332275729160756,0.2753995358943939,5 min
225000,2,0.17139185965061188,-92.84320068359375,102.80501556396484,-9.736125321069267e-6,0.27037057280540466,5 min
230000,2,0.172108992934227,-82.9659194946289,76.359375,0.00005799391510663554,0.2734547555446625,5 min
235000,2,0.17560981214046478,-94.07286071777344,91.2578125,-0.00008229821833083406,0.27982959151268005,5 min
240000,2,0.18713465332984924,-106.5625,67.8671875,-0.00014549522893503308,0.2985348105430603,5 min
245000,2,0.18877430260181427,-91.59375,98.95780181884766,0.00003161305721732788,0.3016393780708313,5 min
250000,2,0.19113126397132874,-99.5,106.65625,0.00003197567639290355,0.3060106933116913,5 min
255000,2,0.19349850714206696,-95.99763488769531,82.70413208007812,0.00002842367575794924,0.30964183807373047,5 min
260000,2,0.19249622523784637,-150.85916137695312,107.09375,0.000056829721870599315,0.30909964442253113,5 min
265000,2,0.19807572662830353,-104.41849517822266,88.03125,0.00014930390170775354,0.31539392471313477,5 min
270000,2,0.19212199747562408,-82.98353576660156,69.8125,-0.00001090347177523654,0.30628111958503723,5 min
275000,2,0.1792614758014679,-93.09375,85.25,0.00007354350236710161,0.28628042340278625,5 min
280000,2,0.1812923699617386,-74.20021057128906,74.265625,-0.00004203534990665503,0.2930266261100769,5 min
285000,2,0.18518096208572388,-89.63237762451172,76.5625,-0.000029741335310973227,0.29821276664733887,5 min
290000,2,0.19073179364204407,-88.40625,133.421875,0.00023132933711167425,0.3125191628932953,5 min
295000,2,0.19511260092258453,-97.28125,100.296875,0.00007153386832214892,0.31696125864982605,5 min
300000,2,0.19731174409389496,-88.90625,127.625,0.000024761679014773108,0.32144591212272644,5 min
305000,2,0.1975892037153244,-88.796875,98.328125,0.00006770445179427043,0.32294023036956787,5 min
310000,2,0.20115438103675842,-95.546875,80.71875,-4.685051408159779e-6,0.3270571827888489,5 min
315000,2,0.19360323250293732,-106.53125,121.90625,0.00012560284812934697,0.316510945558548,5 min
320000,2,0.19072742760181427,-101.3125,123.49923706054688,-6.198818482516799e-6,0.3101288080215454,5 min
325000,2,0.18767906725406647,-75.265625,93.84375,0.00006274750921875238,0.30564674735069275,5 min
330000,2,0.18566179275512695,-117.46168518066406,142.5625,0.00009915849659591913,0.3053283095359802,5 min
335000,2,0.18379731476306915,-95.58489990234375,103.359375,0.00004738898860523477,0.3028836250305176,5 min
340000,2,0.18943409621715546,-165.03125,101.90625,0.000040367041947320104,0.3122868835926056,5 min
345000,2,0.1970997005701065,-165.0625,168.8125,0.00008098900434561074,0.3279115855693817,5 min
350000,2,0.19874806702136993,-165.515625,228.875,0.00009052866516867653,0.3328530192375183,5 min
355000,2,0.2010217159986496,-137.53125,174.0,0.00009460493311053142,0.3353100121021271,5 min
360000,2,0.199109748005867,-224.875,115.09375,-0.00006016247789375484,0.3314571976661682,5 min
365000,2,0.19977740943431854,-131.3515625,158.78125,0.00017675966955721378,0.33199527859687805,5 min
370000,2,0.19560648500919342,-119.5,179.1875,0.0001571163593325764,0.3267243504524231,5 min
375000,2,0.1847732961177826,-123.20571899414062,120.06196594238281,0.00007057207403704524,0.3036307096481323,5 min
380000,2,0.18588219583034515,-81.96875,126.53413391113281,0.00009566987864673138,0.3070715665817261,5 min
385000,2,0.18711413443088531,-173.87890625,99.28125,-0.0001156173093477264,0.312453031539917,5 min
390000,2,0.19161710143089294,-118.71875,112.90625,-0.000024111282982630655,0.319685161113739,5 min
395000,2,0.19853292405605316,-231.015625,137.734375,-0.00010795299749588594,0.3347110450267792,5 min
400000,2,0.20075887441635132,-125.84375,181.3125,0.00005593991227215156,0.33595678210258484,5 min
0,4,0.03559892624616623,-27.33984375,25.5,0.00003233187453588471,0.34158098697662354,10 min
5000,4,0.104758620262146,-31.689180374145508,42.04296875,-0.0002341876970604062,0.30638810992240906,10 min
10000,4,0.09226017445325851,-19.54619598388672,178.01336669921875,3.227592287657899e-6,0.21093140542507172,10 min
15000,4,0.09091703593730927,-261.79620361328125,54.059349060058594,-0.00009916075214277953,0.16186930239200592,10 min
20000,4,0.08847203850746155,-143.5192108154297,317.4517517089844,0.00006771370681235567,0.16044484078884125,10 min
25000,4,0.09010887891054153,-264.2491455078125,190.14743041992188,0.000028651696993620135,0.14445608854293823,10 min
30000,4,0.09567302465438843,-333.7130432128906,32.76599884033203,-0.0000749737155274488,0.15941399335861206,10 min
35000,4,0.10162918269634247,-160.92813110351562,52.60100555419922,-0.00009533089178148657,0.1530912220478058,10 min
40000,4,0.10917601734399796,-83.35459899902344,124.00515747070312,0.0001295475522056222,0.1607593446969986,10 min
45000,4,0.11766420304775238,-156.2998504638672,84.93101501464844,-0.0000327498019032646,0.176463320851326,10 min
50000,4,0.12405215948820114,-157.2960205078125,189.48268127441406,-2.672129312486504e-6,0.18138183653354645,10 min
55000,4,0.12406454235315323,-169.60110473632812,108.79910278320312,-0.0001642508286749944,0.18665160238742828,10 min
60000,4,0.12287594377994537,-148.4459228515625,161.1636505126953,0.00011331189307384193,0.18205823004245758,10 min
65000,4,0.11920515447854996,-49.949005126953125,232.526123046875,0.00016672835045028478,0.18189755082130432,10 min
70000,4,0.11543839424848557,-195.55531311035156,69.68392944335938,0.00024297407071571797,0.18205854296684265,10 min
75000,4,0.11606653034687042,-126.44529724121094,98.17147827148438,0.00003940420356229879,0.1816985011100769,10 min
80000,4,0.11927075684070587,-119.75837707519531,102.21712493896484,0.000030355700801010244,0.18746326863765717,10 min
85000,4,0.11941082775592804,-109.74285125732422,74.95437622070312,-0.00007046406244626269,0.19270780682563782,10 min
90000,4,0.12014833837747574,-51.46833801269531,118.81793212890625,0.00010196604853263125,0.1951771080493927,10 min
95000,4,0.12875856459140778,-113.04560089111328,125.4639892578125,0.00013300801219884306,0.20901043713092804,10 min
100000,4,0.13256505131721497,-82.7322769165039,139.3823699951172,0.000051497332606231794,0.21358747780323029,10 min
105000,4,0.13585878908634186,-135.3917236328125,85.59380340576172,0.00005468261588248424,0.22098110616207123,10 min
110000,4,0.1318919062614441,-63.73101806640625,130.4339599609375,0.00008712820272194222,0.21494030952453613,10 min
115000,4,0.12894873321056366,-133.9789276123047,61.8046875,-0.00007618749077664688,0.21637669205665588,10 min
120000,4,0.12765514850616455,-59.015625,74.359375,0.00016222300473600626,0.21331904828548431,10 min
125000,4,0.12427013367414474,-61.671875,77.15372467041016,0.00001814640017983038,0.21007557213306427,10 min
130000,4,0.12300510704517365,-58.47998046875,69.0390625,0.00011859378719236702,0.2132173627614975,10 min
135000,4,0.12411020696163177,-71.73828125,66.98397064208984,0.0000694291084073484,0.22000132501125336,10 min
140000,4,0.13100937008857727,-88.05859375,73.35546875,0.00005760926433140412,0.23035725951194763,10 min
145000,4,0.13233815133571625,-73.5859375,78.0791015625,0.00005048145612818189,0.23379163444042206,10 min
150000,4,0.13544297218322754,-76.3232421875,82.6484375,0.00011341754725435749,0.239220529794693,10 min
155000,4,0.13583064079284668,-76.8642578125,85.328125,0.000039811300666769966,0.2406305968761444,10 min
160000,4,0.13688017427921295,-80.1015625,83.203125,-0.00004194868233753368,0.24551379680633545,10 min
165000,4,0.13801810145378113,-70.40625,65.27734375,0.00007989112054929137,0.24373561143875122,10 min
170000,4,0.13093946874141693,-86.02734375,66.18571472167969,-0.0001378916931571439,0.23240496218204498,10 min
175000,4,0.12933515012264252,-87.6015625,70.91413879394531,-0.000010932065379165579,0.2328067272901535,10 min
180000,4,0.1299416869878769,-69.6171875,95.171875,0.0001581661927048117,0.2365875393152237,10 min
185000,4,0.13310015201568604,-80.7890625,83.5859375,-0.000036893852666253224,0.24338220059871674,10 min
190000,4,0.13641726970672607,-70.837890625,75.7109375,-0.000025344399546156637,0.24884919822216034,10 min
195000,4,0.1394544094800949,-88.05859375,85.2587890625,0.00019067064567934722,0.2600642144680023,10 min
200000,4,0.1407625675201416,-78.44921875,82.92578125,8.417996468779165e-6,0.25692975521087646,10 min
205000,4,0.1430065631866455,-91.4296875,99.36328125,0.00007026593084447086,0.26448917388916016,10 min
210000,4,0.14309684932231903,-87.0859375,79.199462890625,3.3246703878830886e-6,0.26156967878341675,10 min
215000,4,0.1428845226764679,-80.25390625,81.1640625,-0.00003466350972303189,0.26127156615257263,10 min
220000,4,0.13970179855823517,-97.0078125,78.88671875,0.00011040505341952667,0.25798630714416504,10 min
225000,4,0.1401984989643097,-93.9921875,92.078125,0.00008227087528211996,0.25795936584472656,10 min
230000,4,0.13264602422714233,-82.6171875,83.734375,0.000046293847844935954,0.2446594536304474,10 min
235000,4,0.1382916420698166,-95.3359375,83.390625,-0.00013996122288517654,0.2560786008834839,10 min
240000,4,0.13687053322792053,-83.8642578125,75.12083435058594,-0.00009150586265604943,0.2560277581214905,10 min
245000,4,0.14132501184940338,-108.79075622558594,113.0390625,0.00017730944091454148,0.26433005928993225,10 min
250000,4,0.14335733652114868,-85.40234375,92.265625,0.000012727742614515591,0.2671063542366028,10 min
255000,4,0.1477183699607849,-90.1171875,114.34228515625,0.00009693655010778457,0.2804355025291443,10 min
260000,4,0.1447037160396576,-78.55892944335938,129.078125,0.00011527347669471055,0.27011075615882874,10 min
265000,4,0.14666198194026947,-81.5,105.34375,0.000012922489986522123,0.2687538266181946,10 min
270000,4,0.13637563586235046,-80.0,71.6484375,-0.000027617950763669796,0.2554461359977722,10 min
275000,4,0.14274950325489044,-105.28125,80.33984375,4.935614015266765e-6,0.26214268803596497,10 min
280000,4,0.1339542120695114,-70.8046875,70.796875,1.924655407492537e-6,0.2512087821960449,10 min
285000,4,0.1411772072315216,-80.80611419677734,94.0625,0.00014015703345648944,0.2632157802581787,10 min
290000,4,0.14209744334220886,-98.40625,113.05329895019531,0.000019448012608336285,0.2668612599372864,10 min
295000,4,0.14370538294315338,-89.4296875,79.421875,-0.000030823492124909535,0.26929494738578796,10 min
300000,4,0.14455614984035492,-92.4375,80.9140625,6.480762749561109e-6,0.2705341577529907,10 min
305000,4,0.1462169885635376,-89.3671875,107.953125,0.00002941270577139221,0.2734086811542511,10 min
310000,4,0.1474701166152954,-138.328125,82.9404296875,-0.000040563154470874,0.27620381116867065,10 min
315000,4,0.14551806449890137,-101.6328125,96.6953125,0.00006041640881448984,0.27140894532203674,10 min
320000,4,0.14414827525615692,-146.453125,78.099609375,0.00006161907367641106,0.2651679515838623,10 min
325000,4,0.14261594414710999,-93.06269073486328,81.17146301269531,0.000029131937480997294,0.2621683180332184,10 min
330000,4,0.13745860755443573,-113.078125,95.208984375,0.0000301410946121905,0.25972309708595276,10 min
335000,4,0.14047174155712128,-79.609375,147.625,0.00017376255709677935,0.26100653409957886,10 min
340000,4,0.142328143119812,-91.421875,137.71875,0.00009241619409294799,0.2639956474304199,10 min
345000,4,0.1432737559080124,-82.50040435791016,166.32421875,0.00011509800242492929,0.2679544985294342,10 min
350000,4,0.14478513598442078,-86.826416015625,101.2578125,0.000041207444155588746,0.2703202962875366,10 min
355000,4,0.1453743427991867,-100.908203125,125.09375,0.00013245786249171942,0.274853378534317,10 min
360000,4,0.14664091169834137,-140.1875,101.140625,0.000026971398256137036,0.275037944316864,10 min
365000,4,0.1456635445356369,-108.421875,198.34375,0.0001897754118544981,0.27434489130973816,10 min
370000,4,0.14536933600902557,-106.9609375,103.4375,1.2397252930895775e-6,0.2687094807624817,10 min
375000,4,0.1407724916934967,-112.25251770019531,100.12174987792969,-0.00003391611608094536,0.2594574987888336,10 min
380000,4,0.14353607594966888,-110.83059692382812,94.55126953125,-5.7000106608029455e-6,0.26538679003715515,10 min
385000,4,0.14009056985378265,-93.77137756347656,93.61902618408203,0.00002357632911298424,0.2591024339199066,10 min
390000,4,0.14202789962291718,-104.890625,116.62890625,0.00015705930127296597,0.26318272948265076,10 min
395000,4,0.14393013715744019,-113.15669250488281,200.614501953125,0.00001969686127267778,0.2686120867729187,10 min
400000,4,0.14362134039402008,-113.9921875,202.859375,0.00006097678851801902,0.26715075969696045,10 min
0,8,0.02528274431824684,-27.416015625,25.275390625,0.00004968669964000583,0.3388054072856903,20 min
5000,8,0.08732746541500092,-27.60614013671875,29.68359375,-0.0009244626853615046,0.2650787830352783,20 min
10000,8,0.07454142719507217,-224.18502807617188,175.6475372314453,-0.0004955228650942445,0.14687876403331757,20 min
15000,8,0.07181607186794281,-207.9051055908203,171.1214599609375,-0.00006849078636150807,0.12169701606035233,20 min
20000,8,0.07689961045980453,-345.9727783203125,34.422054290771484,-3.2292393825628096e-6,0.13921329379081726,20 min
25000,8,0.07543177902698517,-272.6607666015625,44.009765625,-0.00010265225864714012,0.13020014762878418,20 min
30000,8,0.08063825219869614,-42.01708984375,178.06494140625,-0.000057734021538635716,0.13608978688716888,20 min
35000,8,0.08503814041614532,-146.33851623535156,35.9287109375,-0.00012036864791298285,0.1408848762512207,20 min
40000,8,0.08961392939090729,-103.2835464477539,61.660125732421875,-0.000044966953282710165,0.14495427906513214,20 min
45000,8,0.09662655740976334,-96.35631561279297,103.9482421875,-0.00009754181519383565,0.1594293713569641,20 min
50000,8,0.10019039362668991,-75.55055236816406,61.91229248046875,0.000041960502130677924,0.15910890698432922,20 min
55000,8,0.10153297334909439,-157.68824768066406,56.590576171875,0.000047239340347005054,0.1662256270647049,20 min
60000,8,0.10024097561836243,-51.700923919677734,46.802955627441406,-3.902101525454782e-6,0.16570638120174408,20 min
65000,8,0.10045845806598663,-109.26565551757812,47.17390060424805,0.00007361186726484448,0.166101336479187,20 min
70000,8,0.09386278688907623,-53.197265625,90.2734375,-0.00006535455031553283,0.16959913074970245,20 min
75000,8,0.09250807762145996,-46.86181640625,45.455322265625,0.00001871217136795167,0.16665133833885193,20 min
80000,8,0.09269958734512329,-48.3427734375,62.6953125,0.00003622884469223209,0.17032872140407562,20 min
85000,8,0.09476102143526077,-49.6436767578125,54.6806640625,-0.000014379163076227996,0.17733868956565857,20 min
90000,8,0.09492427110671997,-59.298828125,67.314453125,0.000018483826352166943,0.18283039331436157,20 min
95000,8,0.09990008175373077,-75.84375,81.06201171875,0.00010151807509828359,0.19136841595172882,20 min
100000,8,0.10299471020698547,-89.1416015625,106.18359375,0.00005959304689895362,0.19689059257507324,20 min
105000,8,0.10536066442728043,-74.904296875,73.0252685546875,0.00006291962199611589,0.2044641375541687,20 min
110000,8,0.10403801500797272,-84.618896484375,66.798828125,8.525365956302267e-6,0.2007172852754593,20 min
115000,8,0.1029740571975708,-91.8056640625,73.884765625,-0.00007427682430716231,0.19879768788814545,20 min
120000,8,0.09867463260889053,-75.0546875,65.05810546875,0.000015526073184446432,0.19384124875068665,20 min
125000,8,0.0938221737742424,-86.484375,84.5859375,0.000023331420379690826,0.18575100600719452,20 min
130000,8,0.09833664447069168,-93.568359375,98.8466796875,-0.00012674188474193215,0.2004460096359253,20 min
135000,8,0.09688393771648407,-121.431640625,124.65869140625,8.729333785595372e-6,0.20053595304489136,20 min
140000,8,0.09651796519756317,-133.6123046875,137.931640625,0.0001428665709681809,0.20146317780017853,20 min
145000,8,0.1026635393500328,-119.61328125,120.732421875,-0.00010701183055061847,0.21181868016719818,20 min
150000,8,0.10334265232086182,-99.08203125,99.126953125,-0.000012120312931074295,0.21181663870811462,20 min
155000,8,0.10584906488656998,-137.203125,174.1484375,-0.00004620233812602237,0.2209535837173462,20 min
160000,8,0.10358622670173645,-105.9765625,90.85765075683594,-0.00004692895890912041,0.21526668965816498,20 min
165000,8,0.1018807515501976,-90.30859375,90.11849975585938,8.360987521882635e-6,0.20608100295066833,20 min
170000,8,0.10062897950410843,-90.7138671875,82.2578125,0.00008545599121134728,0.20360177755355835,20 min
175000,8,0.0981600433588028,-86.9287109375,113.83203125,0.000055952703405637294,0.2001870721578598,20 min
180000,8,0.09554480761289597,-107.98828125,111.76708984375,-0.00009115212014876306,0.1956292688846588,20 min
185000,8,0.09741069376468658,-167.7734375,135.421875,0.00011781974899349734,0.2050653100013733,20 min
190000,8,0.10092587023973465,-101.57421875,136.10693359375,-0.00007822785846656188,0.21029818058013916,20 min
195000,8,0.10188501328229904,-98.42333984375,108.785888671875,0.00001788726876839064,0.2110002636909485,20 min
200000,8,0.10385973006486893,-80.17578125,93.2419204711914,8.581990186939947e-6,0.21415835618972778,20 min
205000,8,0.1032981351017952,-118.7578125,108.59122467041016,-0.00002485092409187928,0.21686947345733643,20 min
210000,8,0.10390104353427887,-124.142578125,142.890625,-0.00008724783401703462,0.21743443608283997,20 min
215000,8,0.10367967188358307,-80.23583984375,120.21875,-0.00003827630644082092,0.21344225108623505,20 min
220000,8,0.10339459776878357,-128.82421875,86.99192810058594,5.722232799598714e-6,0.20949779450893402,20 min
225000,8,0.0980353131890297,-71.896728515625,94.494140625,-6.146886335045565e-6,0.19945921003818512,20 min
230000,8,0.09650681167840958,-74.25927734375,102.59569549560547,0.0000656203119433485,0.1962820589542389,20 min
235000,8,0.09797613322734833,-94.837890625,120.5703125,-0.00005713127029594034,0.20246955752372742,20 min
240000,8,0.10012269020080566,-103.84912109375,122.6962890625,-0.00002301759013789706,0.20756138861179352,20 min
245000,8,0.10404452681541443,-141.31640625,154.1796875,0.00007801370520610362,0.2154010683298111,20 min
250000,8,0.10466284304857254,-99.74609375,118.93161010742188,0.0000521391884831246,0.21395957469940186,20 min
255000,8,0.10726799070835114,-89.41845703125,112.76473236083984,0.000026829129637917504,0.22077719867229462,20 min
260000,8,0.1075209453701973,-107.00390625,112.076171875,-0.000048532056098338217,0.21891191601753235,20 min
265000,8,0.10136634111404419,-79.4140625,138.71957397460938,-0.000015149161299632397,0.20536930859088898,20 min
270000,8,0.10168815404176712,-90.81565856933594,91.89678955078125,-0.000040410508518107235,0.2041146606206894,20 min
275000,8,0.0979955643415451,-71.15704345703125,172.439453125,-9.429807505512144e-6,0.20078745484352112,20 min
280000,8,0.09705089032649994,-107.7353515625,125.90234375,0.00007961923984112218,0.19728262722492218,20 min
285000,8,0.09940749406814575,-70.935546875,102.95626068115234,-0.000023928401787998155,0.19834734499454498,20 min
290000,8,0.09975248575210571,-139.2626953125,154.46875,-0.000111830209789332,0.20216339826583862,20 min
295000,8,0.10242747515439987,-114.017578125,151.60546875,0.0000489263838971965,0.20551156997680664,20 min
300000,8,0.10436377674341202,-93.30682373046875,121.931640625,1.2612416639967705e-6,0.20719510316848755,20 min
305000,8,0.10401087999343872,-138.4296875,173.603515625,0.000060484864661702886,0.21148063242435455,20 min
310000,8,0.10652203112840652,-85.34765625,106.27665710449219,-0.00004555046325549483,0.21444100141525269,20 min
315000,8,0.10362642258405685,-114.3125,148.2734375,-0.000015767662262078375,0.20544831454753876,20 min
320000,8,0.0995405986905098,-77.5234375,140.9967041015625,0.00003786327215493657,0.1970256119966507,20 min
325000,8,0.1005084365606308,-92.38623046875,153.99288940429688,-0.0000455062763649039,0.1962246149778366,20 min
330000,8,0.09897070378065109,-70.615966796875,127.25174713134766,9.413221960130613e-6,0.19348624348640442,20 min
335000,8,0.098958820104599,-126.19677734375,79.50851440429688,0.00006603036308661103,0.19418346881866455,20 min
340000,8,0.10162962973117828,-107.19026184082031,136.54684448242188,0.000016541034710826352,0.19858460128307343,20 min
345000,8,0.10294253379106522,-101.265625,107.18614196777344,-0.000021221687347861007,0.20138120651245117,20 min
350000,8,0.10550887137651443,-80.091796875,107.7216796875,-9.248399692296516e-6,0.20530131459236145,20 min
355000,8,0.10797131061553955,-115.8046875,150.453125,0.00009339809184893966,0.2142031341791153,20 min
360000,8,0.10714702308177948,-169.431640625,241.8125,0.0002880122628994286,0.21873587369918823,20 min
365000,8,0.10367166996002197,-92.75390625,103.05874633789062,0.000046223656681831926,0.19916807115077972,20 min
370000,8,0.10144548118114471,-169.1015625,171.25,0.00013099092757329345,0.20299962162971497,20 min
375000,8,0.0974985659122467,-121.2773666381836,156.33641052246094,-8.743942998989951e-6,0.18849912285804749,20 min
380000,8,0.0989423394203186,-95.88377380371094,120.6328125,-0.00006191435386426747,0.1899636685848236,20 min
385000,8,0.10192683339118958,-100.9416732788086,126.43319702148438,0.000055908945796545595,0.19670118391513824,20 min
390000,8,0.10094643384218216,-92.04296875,126.09919738769531,-0.00004026980241178535,0.19385002553462982,20 min
395000,8,0.1036796122789383,-82.23233032226562,101.1711654663086,-0.00003655212276498787,0.1985737681388855,20 min
400000,8,0.10503743588924408,-117.96491241455078,120.78021240234375,0.00001906936631712597,0.19984136521816254,20 min
0,16,0.017739640548825264,-26.7978515625,25.0419921875,0.00004200134571874514,0.3375989496707916,40 min
5000,16,0.057522304356098175,-297.0387268066406,20.6944580078125,0.0000733518972992897,0.18891264498233795,40 min
10000,16,0.05085820332169533,-33.58318328857422,349.60400390625,0.00028339982964098454,0.1259153187274933,40 min
15000,16,0.05541447922587395,-42.96198654174805,83.21658325195312,0.00011460131645435467,0.09504564851522446,40 min
20000,16,0.05472666397690773,-34.01611328125,30.774730682373047,0.0000322142914228607,0.10247211903333664,40 min
25000,16,0.04904690757393837,-65.0302734375,40.3485107421875,0.000053040192142361775,0.11293479055166245,40 min
30000,16,0.049088843166828156,-129.1328125,81.84716796875,-0.000027662257707561366,0.13127635419368744,40 min
35000,16,0.051118914037942886,-141.3017578125,114.490234375,-0.0000342396815540269,0.1476045548915863,40 min
40000,16,0.05372282490134239,-229.01171875,109.34765625,-0.00006052435128367506,0.15244528651237488,40 min
45000,16,0.055850885808467865,-154.501953125,120.619140625,-0.000046471097448375076,0.15405164659023285,40 min
50000,16,0.057984303683042526,-149.634765625,130.5950927734375,-0.000015643801816622727,0.15556268393993378,40 min
55000,16,0.06060066074132919,-103.03515625,181.962890625,0.00008470582542940974,0.16691721975803375,40 min
60000,16,0.05773727223277092,-152.0029296875,156.0869140625,0.00011014535994036123,0.16614282131195068,40 min
65000,16,0.058292608708143234,-95.77099609375,93.754638671875,-0.000021644053049385548,0.16014067828655243,40 min
70000,16,0.054884519428014755,-86.5206298828125,147.56890869140625,-0.000014414254110306501,0.15515099465847015,40 min
75000,16,0.05167253687977791,-100.32080078125,202.2890625,0.00007337568240473047,0.1598743498325348,40 min
80000,16,0.051630377769470215,-101.322265625,159.20806884765625,-5.245314241619781e-6,0.15810392796993256,40 min
85000,16,0.050780653953552246,-116.089111328125,141.11448669433594,-0.000041945353586925194,0.15321817994117737,40 min
90000,16,0.05209975689649582,-86.96337890625,139.42832946777344,-0.000019560568034648895,0.14967699348926544,40 min
95000,16,0.05507972463965416,-117.68603515625,101.15576171875,-0.00003190134884789586,0.15782617032527924,40 min
100000,16,0.056342944502830505,-99.4482421875,191.81817626953125,7.078434919094434e-6,0.15836474299430847,40 min
105000,16,0.056358471512794495,-188.78271484375,137.25245666503906,-0.0000766239536460489,0.16381187736988068,40 min
110000,16,0.054886117577552795,-154.345703125,123.841796875,-0.00005038483504904434,0.16026481986045837,40 min
115000,16,0.05469493940472603,-115.16015625,162.72976684570312,-0.00003688632932608016,0.15474341809749603,40 min
120000,16,0.05415283516049385,-151.46713256835938,264.01611328125,0.00018433789955452085,0.16287362575531006,40 min
125000,16,0.0518253929913044,-111.421142578125,113.27326202392578,0.00009309468441642821,0.14758767187595367,40 min
130000,16,0.050893139094114304,-158.249267578125,214.32847595214844,-0.00007531626033596694,0.15138594806194305,40 min
135000,16,0.05050750449299812,-91.23046875,193.26174926757812,-0.000022227754016057588,0.14493095874786377,40 min
140000,16,0.051670610904693604,-130.2889404296875,151.9080047607422,0.000059333000535843894,0.1432143747806549,40 min
145000,16,0.05400693416595459,-111.66961669921875,203.38623046875,0.0000105109629657818,0.14530758559703827,40 min
150000,16,0.05508597567677498,-117.1455078125,223.678466796875,3.858757281705039e-6,0.14650940895080566,40 min
155000,16,0.0553867407143116,-97.6312026977539,224.928466796875,0.00003174657831550576,0.14905740320682526,40 min
160000,16,0.05622037127614021,-155.18408203125,173.70208740234375,0.00006827782635809854,0.15391294658184052,40 min
165000,16,0.05506731569766998,-187.052734375,142.61891174316406,-0.00006248756835702807,0.1494542360305786,40 min
170000,16,0.052739981561899185,-88.5966796875,182.37554931640625,0.000017671574823907577,0.13924062252044678,40 min
175000,16,0.050693392753601074,-150.65396118164062,89.97534942626953,0.00006368638423737139,0.13733603060245514,40 min
180000,16,0.04995761066675186,-150.728515625,173.78111267089844,-0.000046693134208908305,0.13355450332164764,40 min
185000,16,0.049806948751211166,-182.01402282714844,180.36489868164062,-0.00003079098678426817,0.13098599016666412,40 min
190000,16,0.0518622063100338,-116.087158203125,176.04969787597656,-0.00001681878165982198,0.1323491483926773,40 min
195000,16,0.05305563285946846,-117.00613403320312,225.230224609375,-0.000019479521142784506,0.13700030744075775,40 min
200000,16,0.055019836872816086,-131.8153076171875,186.5340576171875,-1.723586024127144e-6,0.13684900104999542,40 min
205000,16,0.05542959272861481,-168.8551025390625,145.6708984375,0.000054970307246549055,0.14005064964294434,40 min
210000,16,0.05550580099225044,-143.4628143310547,144.11480712890625,0.00004059856655658223,0.13948728144168854,40 min
215000,16,0.05534268170595169,-168.97972106933594,135.63189697265625,0.00004281359724700451,0.14166037738323212,40 min
220000,16,0.05247301980853081,-164.30679321289062,114.99819946289062,2.851472572729108e-6,0.1350097358226776,40 min
225000,16,0.05018894374370575,-122.52019500732422,133.61875915527344,-0.000054100153647596017,0.12861226499080658,40 min
230000,16,0.05025264620780945,-115.77120971679688,181.81761169433594,-0.00004771554813487455,0.1299009472131729,40 min
235000,16,0.05061967670917511,-90.15286254882812,233.36947631835938,-8.874742889020126e-6,0.1287454515695572,40 min
240000,16,0.050663698464632034,-162.3769073486328,229.9853515625,0.00002648518784553744,0.1281348615884781,40 min
245000,16,0.05418814346194267,-190.7431182861328,148.67837524414062,0.00001736592093948275,0.13314388692378998,40 min
250000,16,0.05479855462908745,-133.296142578125,249.47555541992188,-4.96121992910048e-6,0.13215410709381104,40 min
255000,16,0.054724786430597305,-151.9873504638672,176.37498474121094,-0.000011986785466433503,0.13750684261322021,40 min
260000,16,0.05541325360536575,-172.58636474609375,103.751220703125,-0.000059541136579355225,0.13954977691173553,40 min
265000,16,0.05547398328781128,-185.74964904785156,209.61241149902344,0.000022895752408658154,0.13840578496456146,40 min
270000,16,0.05224308371543884,-131.85385131835938,212.98565673828125,0.000032030435249907896,0.1305115520954132,40 min
275000,16,0.05074774846434593,-210.22386169433594,140.02947998046875,0.00008496021473547444,0.13756786286830902,40 min
280000,16,0.050968632102012634,-158.6510009765625,130.4298553466797,-0.00001924628122651484,0.13006143271923065,40 min
285000,16,0.05208048224449158,-289.2808837890625,225.3885955810547,-0.000013965736798127182,0.13644249737262726,40 min
290000,16,0.0512557327747345,-170.97276306152344,221.99050903320312,0.000018789600289892405,0.13152733445167542,40 min
295000,16,0.05371495708823204,-118.3880386352539,218.73245239257812,-0.00004113014438189566,0.13284766674041748,40 min
300000,16,0.054931942373514175,-128.94277954101562,238.59959411621094,-5.77545324631501e-6,0.13128703832626343,40 min
305000,16,0.05557844042778015,-85.2309341430664,205.94564819335938,0.00005067763413535431,0.13777513802051544,40 min
310000,16,0.05493461713194847,-234.95033264160156,204.70350646972656,0.00006174011650728062,0.13757838308811188,40 min
315000,16,0.054687898606061935,-195.11993408203125,130.80889892578125,-0.000042765430407598615,0.1395869106054306,40 min
320000,16,0.05243018642067909,-104.7636947631836,230.35000610351562,0.000017905867935041897,0.13896572589874268,40 min
325000,16,0.05371909216046333,-236.83837890625,109.60801696777344,0.00007407154043903574,0.1414681226015091,40 min
330000,16,0.050267286598682404,-207.56893920898438,142.23399353027344,-0.000031252402550308034,0.13013428449630737,40 min
335000,16,0.05217662453651428,-123.19892883300781,156.9150390625,-0.000022213494958123192,0.1371028572320938,40 min
340000,16,0.05325232818722725,-134.8673858642578,262.9398193359375,-0.00005326468453858979,0.13647468388080597,40 min
345000,16,0.05350062996149063,-119.46614837646484,235.41636657714844,-0.000020726916773128323,0.13155004382133484,40 min
350000,16,0.0548664890229702,-96.251953125,191.68992614746094,-5.779285856988281e-6,0.1315930336713791,40 min
355000,16,0.05645446851849556,-228.40452575683594,138.57200622558594,0.000060204391047591344,0.14116524159908295,40 min
360000,16,0.05528102070093155,-226.01089477539062,157.97808837890625,0.000036716435715788975,0.137502521276474,40 min
365000,16,0.054897602647542953,-194.51913452148438,190.04808044433594,0.00012095885904273018,0.14732679724693298,40 min
370000,16,0.05499904975295067,-169.8013153076172,160.8052978515625,0.00005040028190705925,0.1387508511543274,40 min
375000,16,0.05317273736000061,-181.185302734375,178.64964294433594,0.00006707481225021183,0.1480615735054016,40 min
380000,16,0.0507766418159008,-148.1079559326172,268.1416320800781,-2.3966069875314133e-6,0.13746102154254913,40 min
385000,16,0.053266819566488266,-224.96983337402344,235.48550415039062,-0.00006276688509387895,0.13881871104240417,40 min
390000,16,0.05327432602643967,-136.89730834960938,219.22406005859375,0.00002025123467319645,0.13419696688652039,40 min
395000,16,0.054468728601932526,-142.5413818359375,252.03314208984375,-0.00003687440403155051,0.13653624057769775,40 min
400000,16,0.05525144934654236,-156.00717163085938,237.6480712890625,-0.00001609587161510717,0.13345900177955627,40 min
0,32,0.012569292448461056,-27.32275390625,24.65869140625,0.00003662374001578428,0.33869943022727966,80 min
5000,32,0.05216037109494209,-18.598831176757812,267.4122314453125,-7.607914085383527e-6,0.1687045395374298,80 min
10000,32,0.04752993583679199,-422.0365295410156,38.44099044799805,-0.0006526890792883933,0.16002775728702545,80 min
15000,32,0.045817580074071884,-88.08413696289062,22.863983154296875,-0.00006979502359172329,0.08702617138624191,80 min
20000,32,0.046955518424510956,-45.13871383666992,46.81242370605469,-0.00001847573003033176,0.1008552759885788,80 min
25000,32,0.04478776082396507,-66.79150390625,59.8577880859375,-0.00002602376480353996,0.12397519499063492,80 min
30000,32,0.043802659958601,-65.12640380859375,88.82046508789062,0.000021739975636592135,0.12484906613826752,80 min
35000,32,0.04491807520389557,-98.126953125,107.383544921875,-0.000031104493245948106,0.14000283181667328,80 min
40000,32,0.046960629522800446,-63.2265625,85.1109848022461,0.000045666045480174944,0.13777700066566467,80 min
45000,32,0.049367740750312805,-66.82653045654297,64.97537231445312,6.73059457767522e-6,0.13755181431770325,80 min
50000,32,0.05160989239811897,-58.8192138671875,62.4892578125,-0.000026866033294936642,0.1353769749403,80 min
55000,32,0.052222851663827896,-74.111083984375,83.053955078125,-0.00003220420330762863,0.14744320511817932,80 min
60000,32,0.05226001515984535,-92.759033203125,77.56427001953125,-0.000055523680202895775,0.15123558044433594,80 min
65000,32,0.05086604878306389,-83.76919555664062,82.33349609375,-0.00016800107550807297,0.14392836391925812,80 min
70000,32,0.047765254974365234,-99.94359588623047,88.7110595703125,0.00005395292100729421,0.1413475126028061,80 min
75000,32,0.046102046966552734,-89.81207275390625,97.171875,-0.00007086514233378693,0.13675980269908905,80 min
80000,32,0.044101763516664505,-119.60302734375,143.43447875976562,-0.00005421005334937945,0.1389760673046112,80 min
85000,32,0.04555542394518852,-73.29498291015625,77.97573852539062,0.00001845653423515614,0.13392139971256256,80 min
90000,32,0.04529935494065285,-125.954833984375,100.15550231933594,-4.773457021656213e-6,0.13120467960834503,80 min
95000,32,0.04840919375419617,-77.65872192382812,98.87255859375,-0.00003369291152921505,0.13643582165241241,80 min
100000,32,0.04968097060918808,-66.0506591796875,71.88072204589844,0.00004638193786377087,0.13219867646694183,80 min
105000,32,0.050756849348545074,-107.945556640625,99.3321304321289,0.00006033250247128308,0.14166085422039032,80 min
110000,32,0.049784570932388306,-82.29736328125,120.31129455566406,-0.00011235921556362882,0.138807475566864,80 min
115000,32,0.048005327582359314,-84.7603759765625,73.41207122802734,-1.2739798194161267e-6,0.13122053444385529,80 min
120000,32,0.04806792363524437,-109.71350860595703,92.91259765625,-0.00004642689964384772,0.13289625942707062,80 min
125000,32,0.04541051760315895,-68.86751556396484,89.6275634765625,-0.00007347879727603868,0.12573203444480896,80 min
130000,32,0.04463684931397438,-106.51089477539062,89.4281005859375,-0.000014297803318186197,0.12468560039997101,80 min
135000,32,0.04508006572723389,-101.4232177734375,66.1591567993164,-0.00005945168231846765,0.12049262225627899,80 min
140000,32,0.04680079221725464,-113.6494140625,116.8507308959961,-0.00011082237324444577,0.12601011991500854,80 min
145000,32,0.04792506620287895,-88.79296875,90.13192749023438,-0.00002039339960901998,0.12106331437826157,80 min
150000,32,0.04886731877923012,-80.3896484375,96.74644470214844,-9.829317605181132e-6,0.11973153799772263,80 min
155000,32,0.049930471926927567,-116.24066162109375,125.538330078125,0.00003590065898606554,0.12764151394367218,80 min
160000,32,0.04919084534049034,-69.54502868652344,128.0761260986328,6.259937435970642e-6,0.12680397927761078,80 min
165000,32,0.04947274923324585,-65.69317626953125,97.47701263427734,0.00008205326594179496,0.12509725987911224,80 min
170000,32,0.046538662165403366,-80.31478118896484,170.0930938720703,-0.000054760705097578466,0.1223025694489479,80 min
175000,32,0.04419877380132675,-55.699832916259766,137.27305603027344,-5.7805373216979206e-6,0.11652421951293945,80 min
180000,32,0.04514726996421814,-82.98587799072266,109.1229248046875,-0.00008196740236598998,0.11833475530147552,80 min
185000,32,0.04600384086370468,-111.31661987304688,61.560054779052734,-0.0000502570801472757,0.11745674908161163,80 min
190000,32,0.047162190079689026,-96.67840576171875,114.9856948852539,-0.00001738471837597899,0.11587000638246536,80 min
195000,32,0.04800510033965111,-69.284912109375,143.4019012451172,-0.000026729441742645577,0.1173115223646164,80 min
200000,32,0.04942275211215019,-106.5496597290039,127.49246978759766,0.000015316209101001732,0.11521533131599426,80 min
205000,32,0.04943374544382095,-103.45529174804688,130.2410125732422,-0.000010120385923073627,0.12138515710830688,80 min
210000,32,0.04891384392976761,-100.8023681640625,131.909912109375,-0.0001199807520606555,0.12246964126825333,80 min
215000,32,0.048201676458120346,-105.76589965820312,97.26206970214844,0.000046946504880907014,0.11790104955434799,80 min
220000,32,0.04783270135521889,-86.43134307861328,73.66187286376953,0.0000837910920381546,0.11793555319309235,80 min
225000,32,0.045990169048309326,-100.34918212890625,186.47686767578125,-0.00009666904952609912,0.12492907792329788,80 min
230000,32,0.04514746740460396,-95.11924743652344,107.57302856445312,-0.00012130972754675895,0.11215994507074356,80 min
235000,32,0.04548151046037674,-137.3097686767578,134.65464782714844,7.810427632648498e-6,0.10934575647115707,80 min
240000,32,0.047580067068338394,-198.97723388671875,113.38523864746094,0.00008436135976808146,0.117288738489151,80 min
245000,32,0.048638489097356796,-68.0894775390625,166.7690887451172,-0.000025327228286187164,0.11398126929998398,80 min
250000,32,0.049454398453235626,-128.58224487304688,160.76998901367188,0.000020035005945828743,0.11170950531959534,80 min
255000,32,0.04985611140727997,-96.6150894165039,161.46400451660156,-0.00005906196383875795,0.11744974553585052,80 min
260000,32,0.04995981603860855,-91.58419036865234,143.32040405273438,-0.00005958785186521709,0.11807797849178314,80 min
265000,32,0.05027792230248451,-131.73231506347656,88.74188995361328,0.00010513720189919695,0.12244433909654617,80 min
270000,32,0.04917402192950249,-134.19705200195312,100.0833740234375,5.63337562198285e-6,0.11871007829904556,80 min
275000,32,0.04763980954885483,-96.98078918457031,172.19956970214844,-0.000029255501431180164,0.12266743183135986,80 min
280000,32,0.04637264087796211,-166.03529357910156,131.8466796875,-2.827311391229159e-6,0.11405930668115616,80 min
285000,32,0.04653393477201462,-145.1033935546875,171.6992645263672,0.000011133343832625542,0.11632241308689117,80 min
290000,32,0.047064200043678284,-101.71360778808594,189.37393188476562,0.00004348100264905952,0.11674372851848602,80 min
295000,32,0.0486399307847023,-163.54176330566406,160.71417236328125,-0.00002173551001760643,0.11259502172470093,80 min
300000,32,0.04978308826684952,-134.9063720703125,141.73500061035156,9.947410035238136e-6,0.11148613691329956,80 min
305000,32,0.051379285752773285,-238.96939086914062,121.92979431152344,-0.000011930292203032877,0.11975773423910141,80 min
310000,32,0.05059457942843437,-138.54244995117188,170.4507293701172,0.00002482279705873225,0.12466978281736374,80 min
315000,32,0.05046321079134941,-131.56346130371094,128.32362365722656,-0.000038527239667018875,0.11762500554323196,80 min
320000,32,0.04959787055850029,-150.43362426757812,196.6651153564453,-0.00006714978371746838,0.11857086420059204,80 min
325000,32,0.04724101722240448,-101.92408752441406,147.96998596191406,0.00007950759754749015,0.1176154613494873,80 min
330000,32,0.04742608964443207,-171.602294921875,129.4188690185547,6.189870873640757e-6,0.1164269745349884,80 min
335000,32,0.0478617325425148,-187.4987335205078,195.7976531982422,-0.000040972125134430826,0.1280854195356369,80 min
340000,32,0.048938944935798645,-163.80027770996094,171.901611328125,8.367865120817441e-7,0.12720729410648346,80 min
345000,32,0.049184225499629974,-180.533203125,183.68856811523438,-4.0980594349093735e-6,0.14195232093334198,80 min
350000,32,0.05056152865290642,-177.70816040039062,145.7572021484375,-0.00002674379175005015,0.13434112071990967,80 min
355000,32,0.05024100840091705,-236.87158203125,263.3056640625,0.000050921327783726156,0.15383341908454895,80 min
360000,32,0.05174195021390915,-449.810791015625,292.635009765625,-0.000029551645639003254,0.17102234065532684,80 min
365000,32,0.05062510073184967,-258.6146240234375,246.89886474609375,0.000029007724151597358,0.15651552379131317,80 min
370000,32,0.04988982155919075,-147.9896240234375,186.84165954589844,9.255955774278846e-6,0.13475464284420013,80 min
375000,32,0.049615081399679184,-164.2649383544922,173.15982055664062,-0.00014899807865731418,0.14323747158050537,80 min
380000,32,0.04745296388864517,-161.016357421875,227.40858459472656,0.000051568720664363354,0.12720392644405365,80 min
385000,32,0.04804681986570358,-138.7895050048828,196.0295867919922,-0.000010045816452475265,0.1247471496462822,80 min
390000,32,0.04961935803294182,-221.995361328125,459.3682861328125,-0.00006709583249175921,0.13817287981510162,80 min
395000,32,0.050007276237010956,-1800.335205078125,159.742919921875,8.53524761623703e-6,0.16957803070545197,80 min
400000,32,0.05140579864382744,-1714.404052734375,1207.216552734375,-0.00001919427450047806,0.16042819619178772,80 min
